Workbook

Sheet Constants
B6: g | C6: 9.80665 | D6: m/s

Sheet Wing
A1: NACA2412 | B1: Hard requirement
B2: Subject to change
B3: Results
B4: Used formula
B8: Property | C8: Definition | D8: Value | E8: Unit | F8: Notes | G8: Used formula
A9: Wing | B9: MTOW | C9: Maximum Take-off weight | D9: 15 | E9: kg
B10: Vstall | D10: 14 | E10: m/s
B11: Vcruise | D11: 24 | E11: m/s
B12: CLmax | C12: maximum lift coeff. | D12: 1.4 | F12: (NACA2412) αmax ≈ 15deg Take a look at the graphs on the right (Cl vs alpha)
B13: 𝑅𝑒 at cruse speed | C13: Reynolds number at cruise speed | D13: =(D11*D14)/D15 -> 500000 | F13: Approximate value
B14: c | C14: mean wing chord | D14: 0.3 | E14: m
B15: ν | C15: kinematic viscosity of the air | D15: 1.44e-05 | E15: m2/s | F15: Assumed average viscosity of the air at standard conditions between 10 and 15deg and SOF atmospheric pressure
B16: ρ | C16: air density | D16: 1.17 | E16: kg/m³ | F16: for Sofia (600m)
B17: S | C17: wing ref area | D17: =(2*D9*Constants!C6)/(Wing!D16*Wing!D12*Wing!D10*Wing!D10) -> 0.91637232 | E17: m2
B18: b | C18: wingspan | D18: =SQRT(D19*D17) -> 3.0271642 | E18: m
B19: AR | C19: aspect ratio | D19: 10 | F19: Efficient for the beginning Could be lowered to 8-9 later if the wingspan is too wide to be build
B20: ACW | C20: Aerodynamic Center of the wing | D20: =0.25*D14 -> 0.075 | E20: m | F20: Around 25% of the wing chord from the wing tip. Could be calculated at a later stage when the preliminary design is done. | G20: Aircraft Performance lecture slide on the right.
A22: Aileron | C22: Single Aileron span | D22: =D18/4 -> 0.75679105 | E22: m
C23: Single Aileron chord | D23: =D14/4 -> 0.075 | E23: m
C24: Aileron start outbound to inbound | D24: =0.05*D18 -> 0.15135821 | E24: m | F24: This is chosen by the design. Could be lower.

Sheet V-tail
A1: NACA0009 | B1: Hard requirement
B2: Subject to change
B3: Results
B4: Used formula
B8: Property | C8: Definition | D8: Value | E8: Unit | F8: Notes | G8: Used formula
A9: Vertical Tail | B9: cVT | C9: Vertical tail volume coefficient | D9: 0.03 | F9: statistical data (look at tables on the right for acceptable values)
B10: LVT | C10: moment arm to the VT from wing AC to tail AC | D10: 0.9 | E10: m | F10: Could be lowered
B11: SVT | C11: area of the vertical tail | D11: =(D9*D12*D13)/D10 -> 0.092466983 | E11: m2
B12: bW | C12: wing span | D12: =Wing!D18 -> 3.0271642 | E12: m
B13: SW | C13: wing area | D13: =Wing!D17 -> 0.91637232 | E13: m2
A15: Horizontal Tail | B15: cHT | C15: Horizontal tail volume coefficient | D15: 0.5 | F15: statistical data (look at tables on the right for acceptable values)
B16: LHT | C16: moment arm to the HT from wing AC to tail AC | D16: 0.9 | E16: m | F16: Could be lowered
B17: SHT | C17: area of the horizontal tail | D17: =(D15*Wing!D14*'V-tail'!D13)/'V-tail'!D16 -> 0.15272872 | E17: m2
B18: bHT | C18: Horizontal tail wing span | D18: 0.781299 | E18: m
A20: V-Tail | B20: θ | C20: V-tail angle | D20: =DEGREES(ATAN(SQRT(D11/D17))) -> 37.88633 | E20: deg | F20: with respect to the horizon
B21: SV-tail | C21: V-tail surface area | D21: =D17+D11 -> 0.2451957 | E21: m2
B22: AR | C22: Aspect Ratio | D22: 4 | F22: Aspect ration is chosen such than smaller span is achieved.
B23: bV-tail | C23: V-tail span | D23: =SQRT(D21*D22) -> 0.99034479 | E23: m | F23: This is the whole V-tail span. Half span is 0.495
B24: cV-tail | C24: V-tail chord | D24: =D23/D22 -> 0.2475862 | E24: m
B25: λ | C25: V-tail taper | D25: 0 | F25: No taper for the first model.
B26: Λ | C26: Sweep angle | D26: -10 | E26: deg | F26: Negative sweep angle to begin with. Could be further increased later if needed.
A28: Elevon | B28: be​ | C28: Single Elevon span | E28: m | F28: Almost the whole V-tail surface
B29: ce​ | C29: Single Elevon chord | D29: =0.4*D24 -> 0.099034479 | E29: m | F29: 40percent of the V-tail chord. 25-50 is the acceptable range.
C30: Elevon start outbound to inbound | D30: 0 | E30: m | F30: Elevon spans across almost the whole V-tail surface

Sheet Fuselage
B1: Hard requirement
B2: Subject to change
B3: Results
B4: Used formula
B8: Property | C8: Definition | D8: Value | E8: Unit | F8: Notes | G8: Used formula
A9: Fuselage | B9: lfront | C9: Front fuselage | D9: =1.5*Wing!D14 -> 0.45 | E9: m | F9: Estimated from the right picture (subject to change) | G9: lfront = 1.5 x wing chord
B10: laft | C10: Aft fuselage | D10: =3*Wing!D14 -> 0.9 | E10: m | F10: From moment lever arm from v-tail | G10: laft = 3 x wing chord
B11: lfus | C11: Fuselage lenght | D11: =D9+D10+Wing!D14 -> 1.65 | E11: m
B12: dfus | C12: Max Diameter of fuselage | D12: 0.3 | E12: m | F12: from max cargo dimensions (subject to change if too big)
B13: daftfus | C13: Aft Diameter of fuselage | D13: 0.1 | E13: m | F13: Most aft diameter of fuselage

Sheet Overall AC
A1: Overall Aerodynamic Center | B1: Hard requirement
B2: Subject to change
B3: Results
B4: Used formula
B8: Property | C8: Definition | D8: Value | E8: Unit | F8: Notes | G8: Used formula
A9: Wing contribution | C9: Non-dimensional position of Wing Aerodynamic Center | D9: =(Fuselage!D9+(Wing!$D$14*0.25))/Wing!$D$14 -> 1.75 | E9: n/a
C10: Wing Moment coefficient slope | D10: =-D11*D9 -> -9.6764591 | E10: rad-1
C11: Lift coeff. Depending on the angle of attack of the wing | D11: =(2*(22/7)*Wing!D19)/(2+(SQRT((Wing!D19^2)*('Overall AC'!D13)/'Overall AC'!D14+4))) -> 5.5294052 | E11: rad-1 | F11: The change of pitching moment coefficient with angle of attack, caused by the wing, about your chosen aircraft reference point. | G11: polhamus formula (reference on the right)
C12: 50% of sweep | D12: 0 | F12: Used in Polhamus formula Rectangular wing - no sweep angle
B13: ϐ2 | C13: Compressibility effect | D13: =1-(0.07)^2 -> 0.9951 | E13: n/a | F13: Used in Polhamus formula Mach infinity (in the undisturbed airflow) is the Speed of the aircraft over the speed of the sound. - 0.07
B14: K2 | C14: Airfoilf/Pressure Influence | D14: =(1+0.75*D15)^2 -> 1.1881 | E14: n/a | F14: Used in Polhamus formula Formula for t/c between 8% and 12%
B15: t/c | C15: Relative thickness | D15: =(0.12*0.3)/0.3 -> 0.12 | E15: n/a | F15: Used for Airfoilf/Pressure Influence t - root overall thickness of the airfoil (12% of the chord for NACA2412) c - wing chord
A17: Horizontal Tail contribution | C17: Non-dimensional position of Horizontal Tail Aerodynamic Center | D17: =(D18+(0.25*'V-tail'!D24))/'V-tail'!D24 -> 5.9143456 | E17: n/a
B18: x0,HT | C18: Distance from the beginning of the fuselage to the beginning of the Horizontal tail | D18: =Fuselage!D11-'V-tail'!D24 -> 1.4024138 | E18: m | F18: Fuselage overall length minus chord length of the tail
C19: Horizontal Tail Moment coefficient slope | D19: =-(D20*D21*D22)*D23*D17 -> -2.5300219 | E19: rad-1
C20: Dynamic pressure correction | D20: 0.9 | E20: n/a | F20: Estimation (could be changed in the range from the slide on the right)
C21: Downwash correction | D21: 0.7 | F21: Estimation (could be changed in the range from the slide on the right)
C22: Area Ratio | D22: ='V-tail'!D17/Wing!D17 -> 0.16666667 | E22: n/a
C23: Lift coeff. Depending on the angle of attack of the Horizontal Tail | D23: =(2*(22/7)*'V-tail'!D22)/(2+(SQRT(('V-tail'!D22^2)*('Overall AC'!D25)/'Overall AC'!D26+4))) -> 4.0740681 | E23: rad-1 | F23: The change of pitching moment coefficient with angle of attack, caused by the horizontal tail, about your chosen aircraft reference point. | G23: polhamus formula (reference on the right)
C24: 50% of sweep | D24: 0 | F24: Used in Polhamus formula Assumed Rectangular wing - no sweep angle
B25: ϐ2 | C25: Compressibility effect | D25: =1-(0.07)^2 -> 0.9951 | E25: n/a | F25: Used in Polhamus formula Mach infinity (in the undisturbed airflow) is the Speed of the aircraft over the speed of the sound. - 0.07
B26: K2 | C26: Airfoilf/Pressure Influence | D26: =(1+0.75*D27)^2 -> 1.1881 | E26: n/a | F26: Used in Polhamus formula Formula for t/c between 8% and 12%
B27: t/c | C27: Relative thickness | D27: =(0.12*0.248)/0.248 -> 0.12 | E27: n/a | F27: Used for Airfoilf/Pressure Influence t - root overall thickness of the airfoil (12% of the chord for NACA2412) c - wing chord
A29: Fuselage contribution | C29: Fuselage Moment coefficient slope | D29: =45*((D30*(D31^2)*Fuselage!D11)/Wing!D14*Wing!D17) -> 0.20412193 | E29: rad-1
B30: kfus | C30: Empirical pitching moment factor | D30: 0.01 | E30: n/a | F30: Estimated from the graph on the right using xfus
B31: wfus | C31: Fuselage width | D31: =Fuselage!D12 -> 0.3 | E31: m | F31: The maximum diameter of the fuselage is used here
B32: xfus | D32: =D33/Fuselage!D11 -> 0.31818182 | E32: n/a
B33: xc,root,25 | C33: Position of root quarter chord | D33: =Fuselage!D9+Wing!D14*0.25 -> 0.525 | E33: m
A35: Overall results | C35: Non-dimensional position of Overall Aerodynamic Center | D35: =(D10-D29+D19)/D11+D23 -> 1.8295947 | E35: n/a
B36: xAC | C36: Dimensional position of the overall Aerodynamic Center | D36: =D35*0.3 -> 0.5488784 | E36: m | F36: CG should be abfront this point so that we achieve static stability

Sheet Weight and Balance
C4: Estimated Weight (g) | D4: Result Weight (g) | E4: Height | F4: Width | G4: Length | H4: Amount | I4: Model assumed | J4: Price
B5: battery | C5: 773 | E5: 51 | F5: 51 | G5: 149 | H5: 4
B6: motors | C6: 142.7 | E6: 53.2 | F6: Φ37.5 | H6: 4 | I6: BrotherHobby Avenger 3120 Motors 500KV FPV Drone Motor
B7: propellers | C7: 180 | E7: 22inch | H7: 4
B8: ESCs | C8: 110 | E8: 19.5 | F8: 35.5 | G8: 84 | H8: 4 | I8: FLAME 80A 12S V2.0 Multi-Rotor UAVs ESC
B9: servos motors | C9: 70 | E9: 38.7 | F9: 20.2 | G9: 40.3 | H9: 4
B10: servos flight controls | C10: 70 | E10: 38.7 | F10: 20.2 | G10: 40.3 | H10: 4
B11: flight controller | C11: 37 | H11: 1 | I11: Arduino Mega 2560 (ArduPilot)
B12: payload | C12: 3000 | E12: 230 | F12: 300 | G12: 200 | H12: 1
B13: landing gear | C13: 200 | H13: 1
B14: wing structure PLA | C14: 1200 | H14: 1
B15: fuselage structure PLA | C15: 1000 | H15: 1
B16: tail structure PLA | C16: 400 | H16: 1
B17: wiring and mounts | C17: 250 | H17: 4
B18: CF structure | C18: 2000 | H18: 1
B19: Total mass | C19: =C5*H5+C6*H6+C7*H7+C8*H8+C9*H9+C11+C12+C13+C14+C15+C16+C17*H17 -> 11939.8 | H19: n/a
B21: actual CG location | E21: n/a | F21: n/a | G21: n/a | H21: n/a | I21: From SOLIDWORKS, can be exported
B22: CG travel range | C22: ='Overall AC'!D36-0.05*'Overall AC'!D36 -> 0.52143448 | D22: ='Overall AC'!D36-0.1*'Overall AC'!D36 -> 0.49399056 | E22: n/a | F22: n/a | G22: n/a | H22: n/a | I22: 5-10% from AC
