Workbook

Sheet Background_info
B2: Unit | C2: Status | D2: Subsystem
B3: pcs | C3: pending | D3: Airframe and Structures
B4: meters | C4: approved | D4: Propulsion
B5: kg | C5: ordered | D5: Power
B6: sheets | C6: received | D6: Flight Control and Avionics
B7: each | C7: rejected | D7: Control Surfaces and Mechanisms
D8: Payload and Medical Transport System
D9: Communications and Ground Equipment
D10: Manufacturing and prototyping
D11: Fasteners and Consumables
D12: Testing and Safety Equipment
D13: Business
D14: Other

Sheet Main_Table
A1: Please add components here only after selection process has been finished!
A2: # | B2: Item Name | C2: Item Description | D2: Subsystem | E2: Price (€) | F2: Delivery price (€) | G2: Quantity | H2: Unit | I2: Supplier/Link | J2: Total price (€) | K2: Lead Time | L2: Status | M2: Notes | N2: If rejected, specify why:
A3: =IF(B3<>"",COUNTA($B$3:B3),"") -> 1 | B3: Domain | C3: OrgoFly Domain | D3: Business | F3: 0 | G3: 1 | H3: pcs | J3: =(G3*E3)+F3 -> 0 | K3: n/a | L3: pending
A4: =IF(B4<>"",COUNTA($B$3:B4),"") -> 2 | B4: PA6+CF filament | C4: 500g | D4: Manufacturing and prototyping | E4: 43.2 | F4: 0 | G4: 1 | H4: pcs | I4: https://www.aliexpress.com/item/1005010143310151.html?spm=a2g0o.productlist.main.3.26867c47eNIIX8&algo_pvid=a0a1c9bc-aaa9-43aa-905d-66f8a77d08a7&algo_exp_id=a0a1c9bc-aaa9-43aa-905d-66f8a77d08a7-2&pdp_ext_f=%7B%22order%22%3A%22230%22%2C%22eval%22%3A%221%22%2C%22fromPage%22%3A%22search%22%7D&pdp_npi=6%40dis%21EUR%2138.62%2138.44%21%21%2143.80%2143.60%21%40212e508f17817230884093688e2c48%2112000051359404635%21sea%21BG%21892667464%21ABX%211%210%21n_tag%3A-29910%3Bd%3Ab8d743bc%3Bm03_new_user%3A-29895%3BpisId%3A5000000204855994&curPageLogUid=HADK0WdyQEtP&utparam-url=scene%3Asearch%7Cquery_from%3A%7Cx_object_id%3A1005010143310151%7C_p_origin_prod%3A | J4: =(G4*E4)+F4 -> 43.2 | K4: 6-12days | L4: approved | M4: only for structural parts
A5: =IF(B5<>"",COUNTA($B$3:B5),"") -> 3 | B5: CF Tube 18x16mm | C5: x600mm (2 tubes per pack) | D5: Airframe and Structures | E5: 12.8 | F5: 5.16 | G5: 1 | H5: each | I5: https://www.aliexpress.com/item/1005006436550237.html?spm=a2g0o.cart.0.0.730838dax88ROf&mp=1&pdp_npi=6%40dis%21EUR%21EUR+12.80%21EUR+12.80%21%21EUR+12.80%21%21%21%402103973d17862847051156158e10ad%2112000037159963415%21ct%21BG%21793291276%21%211%210%21 | J5: =(G5*E5)+F5 -> 17.96 | K5: 10-19days | L5: received | M5: around 550mm needed per side 2 tubes per pack
A6: =IF(B6<>"",COUNTA($B$3:B6),"") -> 4 | B6: CF Tube 20x18mm | C6: x600mm (4 tubes per pack) | D6: Airframe and Structures | E6: 23.23 | F6: 10.09 | G6: 1 | H6: each | I6: https://www.aliexpress.com/item/1005006797742158.html?spm=a2g0o.cart.0.0.730838dax88ROf&mp=1&pdp_npi=6%40dis%21EUR%21EUR+26.70%21EUR+23.23%21%21EUR+23.23%21%21%21%402103973d17862847051156158e10ad%2112000038337169331%21ct%21BG%21793291276%21%211%210%21 | J6: =(G6*E6)+F6 -> 33.32 | K6: 10-20days | L6: received | M6: around 180mm needed for the center wing box around 550mm needed for each halfwing outbound 4tubes per pack
A7: =IF(B7<>"",COUNTA($B$3:B7),"") -> 5 | B7: CF Tube 22x20mm | C7: x1000mm | D7: Airframe and Structures | E7: 31.22 | F7: 18.75 | G7: 4 | H7: pcs | I7: https://www.easycomposites.eu/6mm-woven-finish-carbon-fibre-tube | J7: =(G7*E7)+F7 -> 143.63 | K7: 2-6 days | L7: approved | M7: full 1000mm length needed for each half-wing. 2x944mm needed for structure inside fuselage.
A8: =IF(B8<>"",COUNTA($B$3:B8),"") -> 6 | B8: CF Tube 6x4mm | C8: x1000mm | D8: Airframe and Structures | E8: 12.83 | G8: 2 | H8: pcs | I8: https://www.easycomposites.eu/22mm-woven-finish-carbon-fibre-tube | J8: =(G8*E8)+F8 -> 25.66 | K8: 2-6 days | L8: approved | M8: around 820mm needed for each half-wing
A9: =IF(B9<>"",COUNTA($B$3:B9),"") -> 7 | B9: PLA lightweight filament | C9: 1kg - White! | D9: Manufacturing and prototyping | E9: 30.43 | F9: 8.64 | G9: 2 | H9: pcs | I9: https://www.aliexpress.com/item/1005002433587874.html?spm=a2g0o.productlist.main.13.6b98nGcWnGcWLU&algo_pvid=867aa278-ebeb-4d5e-84d7-d57d98923c8e&algo_exp_id=867aa278-ebeb-4d5e-84d7-d57d98923c8e-12&pdp_ext_f=%7B%22order%22%3A%22285%22%2C%22eval%22%3A%221%22%2C%22fromPage%22%3A%22search%22%7D&pdp_npi=6%40dis%21EUR%2131.04%2131.05%21%21%2134.94%2134.94%21%400b0fe0e117862726418795124e0da9%2112000033609672339%21sea%21BG%210%21ABX%211%210%21n_tag%3A-29910%3Bd%3Ab8d743bc%3Bm03_new_user%3A-29895&curPageLogUid=4Gz3UoIpJ0b2&utparam-url=scene%3Asearch%7Cquery_from%3A%7Cx_object_id%3A1005002433587874%7C_p_origin_prod%3A | J9: =(G9*E9)+F9 -> 69.5 | K9: 6-10days | L9: received | M9: Active foaming PLA-LW material. 2 rolls of 1kg will be initially ordered.
A10: =IF(B10<>"",COUNTA($B$3:B10),"") -> 8 | B10: Antenna | C10: Antenna | D10: Communications and Ground Equipment | G10: 1 | H10: pcs | J10: =(G10*E10)+F10 -> 0 | L10: pending
A11: =IF(B11<>"",COUNTA($B$3:B11),"") -> 9 | B11: Turnigy_HD_6S_5Ah5_60C_LiPo | C11: Multiple-cell battery | D11: Power | E11: 60.75 | F11: 0 | G11: 4 | H11: pcs | I11: https://hobbyking.com/en_us/turnigy-heavy-duty-5500mah-6s-60c-lipo-pack-w-xt90.html | J11: =(G11*E11)+F11 -> 243 | K11: 4-7 days | L11: rejected | M11: Core propulsion system component | N11: No EU Availability
A12: =IF(B12<>"",COUNTA($B$3:B12),"") -> 10 | B12: Ovonic Roam 6S 8Ah 150C | C12: Multiple-cell battery | D12: Power | E12: 92 | F12: 24.57 | G12: 2 | H12: pcs | I12: https://www.ampow.com/products/ovonic-roam-series-6s-lipo-battery-8000mah-6s1p-150c-22-2v-lipo-battery-with-xt90-s-anti-spark-plug-for-dji-uav-drone-x-class-6s-hd-cinelifter-long-range | J12: =(G12*E12)+F12 -> 208.57 | K12: 5-9 days | L12: approved | M12: Core propulsion system component
A13: =IF(B13<>"",COUNTA($B$3:B13),"") -> 11 | B13: Ovonic Roam 6S 5Ah5 150C XT90-S | C13: Multiple-cell battery | D13: Power | E13: 62.75 | F13: 24.57 | G13: 2 | H13: pcs | I13: https://www.ampow.com/products/ovonic-roam-series-6s-lipo-battery-5500mah-6s1p-150c-22-2v-long-range-lipo-battery-with-xt90-s-anti-spark-plug-for-6s-cinelifte-drone-multirotor-x-class?_pos=39&_fid=ed406fb17&_ss=c | J13: =(G13*E13)+F13 -> 150.07 | K13: 5-9 days | L13: rejected | M13: Core propulsion system component | N13: Lower density option available
A14: =IF(B14<>"",COUNTA($B$3:B14),"") -> 12 | B14: HQ 10 x 5 x 3 2 pairs | C14: Propellers | D14: Propulsion | E14: 16.45 | F14: 0 | G14: 2 | H14: pcs | I14: https://www.aliexpress.com/item/1005009091133732.html | J14: =(G14*E14)+F14 -> 32.9 | K14: 6-10days | L14: approved | M14: The ones we have test data for. Can change later
A15: =IF(B15<>"",COUNTA($B$3:B15),"") -> 13 | B15: 370 uF capacitor | C15: Unpolarized capacitor | D15: Power | G15: 1 | H15: pcs | J15: =(G15*E15)+F15 -> 0 | L15: pending
A16: =IF(B16<>"",COUNTA($B$3:B16),"") -> 14 | B16: Foxeer Mini Cat 4 1200TVL | C16: FPV Camera | D16: Flight Control and Avionics | G16: 1 | H16: pcs | J16: =(G16*E16)+F16 -> 0 | L16: pending
A17: =IF(B17<>"",COUNTA($B$3:B17),"") -> 15 | B17: SQESC_12100 | C17: Electronic Speed Controller | D17: Propulsion | E17: 51.39 | F17: 16.74 | G17: 4 | H17: pcs | I17: https://www.aliexpress.com/item/1005006753480927.html?gatewayAdapt=deu2glo | J17: =(G17*E17)+F17 -> 222.3 | K17: 6-10 days | L17: approved | M17: Can also be bought for 49.99USD with 12USD shipping from sequermall.com
A18: =IF(B18<>"",COUNTA($B$3:B18),"") -> 16 | B18: MATEKSYS_F405-HDTE 12 PWM | C18: Flight Controller | D18: Flight Control and Avionics | E18: 63.99 | F18: 0 | G18: 1 | H18: pcs | I18: https://www.aliexpress.com/item/1005012792435664.html | J18: =(G18*E18)+F18 -> 63.99 | K18: 10-20 days | L18: approved | M18: Order from the same place as RX and PDB for cheaper delivery
A19: =IF(B19<>"",COUNTA($B$3:B19),"") -> 17 | B19: HGLRC_M100_Pro | C19: GPS with Compass | D19: Flight Control and Avionics | G19: 1 | H19: pcs | J19: =(G19*E19)+F19 -> 0 | L19: pending
A20: =IF(B20<>"",COUNTA($B$3:B20),"") -> 18 | B20: Pack of 20 XT90 Battery Connectors (10 pairs) | C20: Power connector | D20: Fasteners and Consumables | E20: 5.92 | F20: 5.95 | G20: 2 | H20: pcs | I20: https://www.aliexpress.com/item/1005003122596249.html?spm=a2g0o.productlist.main.23.70394477bJf9UQ&algo_pvid=169d2b7f-426b-4582-b7f2-1a69c234abe7&algo_exp_id=169d2b7f-426b-4582-b7f2-1a69c234abe7-20&pdp_ext_f=%7B%22order%22%3A%222145%22%2C%22eval%22%3A%221%22%2C%22fromPage%22%3A%22search%22%7D&pdp_npi=6%40dis%21EUR%217.69%215.92%21%21%218.62%216.64%21%400b8848e317897611280765333e0f49%2112000024217621966%21sea%21BG%210%21ABX%211%210%21n_tag%3A-29910%3Bd%3Abb4150ed%3Bm03_new_user%3A-29895%3BpisId%3A5000000217831009&curPageLogUid=7PGL6jiPmM9H&utparam-url=scene%3Asearch%7Cquery_from%3A%7Cx_object_id%3A1005003122596249%7C_p_origin_prod%3A | J20: =(G20*E20)+F20 -> 17.79 | K20: 10-20 days | L20: approved | M20: Sold in bulk. 8 pairs needed.
A21: =IF(B21<>"",COUNTA($B$3:B21),"") -> 19 | B21: 15 Pairs 4 mm Gold-Plated Banana Plugs | C21: Power connector | D21: Fasteners and Consumables | E21: 7.04 | F21: 0 | G21: 1 | H21: pcs | I21: https://www.amazon.de/-/en/GTIWUNG-Gold-Plated-Banana-Electronic-Female/dp/B07VYSN74H/ref=sr_1_5?crid=APMI9MQX3WE2&dib=eyJ2IjoiMSJ9.-cW-SSoe0GSHrNsLkRt9yngk1JanAkJizVf6_lDHjiFuGASGCZd7VJNFVoJx-DFycKud1bujMbVo7p6QFpPsBRoptt1FQBcFitZbMs7Wi9iGZe0pBWioIC_eaJFCviEzcVsFjMkbp3fSj3gJFmaIx2il0PsamgHdz0Hp0sgP9EZoiXo-cioUggGOjWz-EwEp8U6GbriLS9HrPPwzxdnIGnH2M2NfmndBUOR-gZ0h49k.afv3-GqfWZoQ04j4mk4hX-pGTr-_Vg53wNQGQkU68Ak&dib_tag=se&keywords=banana%2Bconnector%2Bgold%2Bplated%2B4mm&qid=1781938148&sprefix=banana%2Bconnector%2Bgold%2Bplated%2B4mm%2Bmale%2Caps%2C218&sr=8-5&th=1 | J21: =(G21*E21)+F21 -> 7.04 | K21: 6-10days | L21: pending | M21: Sold in bulk. 12 pieces needed
A22: =IF(B22<>"",COUNTA($B$3:B22),"") -> 20 | B22: 1.0 mm JST-SH connector kit | C22: JST SH connectors with precrimped cables | D22: Fasteners and Consumables | E22: 14.81 | F22: 0 | G22: 1 | H22: pcs | I22: https://www.amazon.com/Teansic-Connector-Pre-Crimped-Housing-Controller/dp/B0D5X6BY5Z/ref=sr_1_2?crid=1896QHIE821LQ&dib=eyJ2IjoiMSJ9.ixsppeKruG_XOF9tIJPaQYS2BJ2s-wK4DBsLPosYOhRbNsfBj-nqAuzMLBe8INOt-XooiS1gojMahW_GhAV7fr7GbnHj1HfpiH5IPwmbZF8Pw4EI42CalwSTYxxvtG5GhZbeLsA6w3TxipLHqpodb7iyiPWM0bbvRu1dTRk6f3jTsz2nE0RYogekaJIrToinul51OcIdqhxLOAfyEfS8040fUr3R2919DFsRkcQB3s4.br5s-x0KJlXyK5jsDe49zrrxhG_SGewyV5dbeuW4Zok&dib_tag=se&keywords=jst+sh+kit&qid=1781939623&sprefix=jst+shkit%2Caps%2C220&sr=8-2 | J22: =(G22*E22)+F22 -> 14.81 | K22: 6-10days | L22: pending | M22: Sold in bulk
A23: =IF(B23<>"",COUNTA($B$3:B23),"") -> 21 | B23: 2.54 mm JST-XH connector kit | C23: JST XH connectors | D23: Fasteners and Consumables | E23: 6.61 | F23: 0 | G23: 1 | H23: pcs | I23: https://www.amazon.com/Connector-Housing-Adapter-Terminal-Connectors/dp/B0BZDCGJ32/ref=sr_1_13?crid=2ED5KSS7XQC2D&dib=eyJ2IjoiMSJ9.VOLkIGEbGRieFamwLT-4DCszryrNfC6ESybvoywH1HTUlRSmF6Xw555wg0XZvLKpgNk2rBp9Uz-XEzjeoI9935hHBDaIoC_CSwZNJljxvSLBGSC6Z5si9t574dTUKflMiWcTet04ozSCeFMVpXOxmqipl4E60q2qZFv-ydiwk8-p0LXksomyS8gttXuIek7V0diGfXHTJwm1f8Zo71icFVG5zE9JuzrdJupKk-_B79kM4dfJTBpBpiXnrLgZCubX08EpxR9sNciXdeVGCwuARtn7jd1BMhy_J7-JDj8fBmA.zhFQpJbX4JuSwfEaliH3KmhtJslswUjDf1OgxGaDn6g&dib_tag=se&keywords=jst+kit&qid=1781939686&sprefix=jst+kit%2Caps%2C243&sr=8-13 | J23: =(G23*E23)+F23 -> 6.61 | K23: 6-10days | L23: pending | M23: Sold in bulk
A24: =IF(B24<>"",COUNTA($B$3:B24),"") -> 22 | B24: JR connector kit | C24: JR connectors with precrimped cables | D24: Fasteners and Consumables | E24: 8.66 | F24: 0 | G24: 1 | H24: pcs | I24: https://www.amazon.de/-/en/YIXISI-Connector-Crimping-Compatible-Spektrum/dp/B0FLJYYJ1X/ref=sr_1_8?crid=DLFPTNQRJFMF&dib=eyJ2IjoiMSJ9.Sm28qFOHTngE30hm3VP4eOtjd2abZ3sSyEzBdkn7et_CI4C9plCjc1qsvkl8lH_8bQCvZsXIa04zOgEY-2HZ17AyaGqpKwpIzL2xGxwFWkaERG3BJAmdYSOKF1NpQ50KihaOReXLXQi2lqu-u61LOHlPVKw8A0woZycIHPRDxeKmOz7RL9crjY2D4zP4MuTiKZQPgm7EvP8EnvKHzt0YLPBAm1MTGCP3doOh3RWHrwKj--N7SZND45GY4nPUJ_fmxErMJiYA-BwxBSgXgHscSlhZjoYmtlpUNz0LU3-Bi4w.UoiseN0r5MfYwKxD2vLpG4fWajG33ZKwsieXvEsn10I&dib_tag=se&keywords=jr%2Bconnector%2Bkit&qid=1781938836&sprefix=jr%2Bconnector%2Bkit%2Caps%2C141&sr=8-8&th=1 | J24: =(G24*E24)+F24 -> 8.66 | K24: 6-10days | L24: pending
A25: =IF(B25<>"",COUNTA($B$3:B25),"") -> 23 | B25: KingMax DCS2016SP Servo | C25: Budget Servo - 34kg option | D25: Flight Control and Avionics | E25: 20.09 | F25: 15.25 | G25: 8 | H25: pcs | I25: https://www.aliexpress.com/item/1005012071771092.html?spm=a2g0o.productlist.main.5.1e48iOAyiOAysa&algo_pvid=83ac18d0-f0b7-42c7-a0a4-143754ced9b3&algo_exp_id=83ac18d0-f0b7-42c7-a0a4-143754ced9b3-4&pdp_ext_f=%7B%22order%22%3A%2216%22%2C%22eval%22%3A%221%22%2C%22fromPage%22%3A%22search%22%7D&pdp_npi=6%40dis%21EUR%2120.09%2120.09%21%21%21150.60%21150.60%21%402103828617900656040581423e1064%2112000057439409399%21sea%21BG%218022761881%21ABX%211%210%21n_tag%3A-29910%3Bd%3Ab8d743bc%3Bm03_new_user%3A-29895&curPageLogUid=cjkYWPn8Cvj3&utparam-url=scene%3Asearch%7Cquery_from%3A%7Cx_object_id%3A1005012071771092%7C_p_origin_prod%3A | J25: =(G25*E25)+F25 -> 175.97 | K25: 11-23days | L25: approved | M25: Shipping cost based on 8pcs
A26: =IF(B26<>"",COUNTA($B$3:B26),"") -> 24 | B26: KingMax S40S Servo | C26: High-End Servo - 40kg option | D26: Flight Control and Avionics | E26: 86.99 | F26: 2.17 | G26: 8 | H26: pcs | I26: https://www.aliexpress.com/item/1005006904005995.html?spm=a2g0o.productlist.main.1.10d0UshiUshiR3&algo_pvid=c719c9d4-2227-4d7a-9ef8-5cb75879543e&algo_exp_id=c719c9d4-2227-4d7a-9ef8-5cb75879543e-0&pdp_ext_f=%7B%22order%22%3A%2225%22%2C%22eval%22%3A%221%22%2C%22fromPage%22%3A%22search%22%7D&pdp_npi=6%40dis%21EUR%21133.83%2186.99%21%21%211003.22%21652.10%21%4021038a8017900675691068895e0f85%2112000038669224410%21sea%21BG%218022761881%21ABX%211%210%21n_tag%3A-29910%3Bd%3Ab8d743bc%3Bm03_new_user%3A-29895&curPageLogUid=lqFzD61nfosz&utparam-url=scene%3Asearch%7Cquery_from%3A%7Cx_object_id%3A1005006904005995%7C_p_origin_prod%3A | J26: =(G26*E26)+F26 -> 698.09 | K26: 10-20days | L26: pending | M26: Shipping cost based on 8pcs
A27: =IF(B27<>"",COUNTA($B$3:B27),"") -> 25 | B27: Brotherhobby Avenger 3120 500KV 4pcs | C27: Motor | D27: Propulsion | E27: 174.99 | F27: 0 | G27: 1 | H27: pcs | I27: https://www.aliexpress.com/item/1005003975746499.html?gatewayAdapt=deu2glo | J27: =(G27*E27)+F27 -> 174.99 | K27: 7-14 days | L27: approved | M27: Sold in bulk. 4 500KV motors
A28: =IF(B28<>"",COUNTA($B$3:B28),"") -> 26 | B28: MATEKSYS XCLAS PDB FCHUB-12S | C28: Power Distribution Board | D28: Power | E28: 31.9 | F28: 8.47 | G28: 1 | H28: pcs | I28: https://www.rotorama.de/product/matek-xclass-pdb-fchub-12s | J28: =(G28*E28)+F28 -> 40.37 | K28: 3-5 days | L28: approved | M28: Delivery with ECONT. Cheaper delivery options available
A29: =IF(B29<>"",COUNTA($B$3:B29),"") -> 27 | B29: TBS Crossfire Diversity Nano Rx | D29: Communications and Ground Equipment | E29: 53.49 | F29: 0 | G29: 1 | H29: pcs | I29: https://n-factory.de/TBS-Crossfire-Diversity-Nano-RX-Receiver-FPV-Long-Range_1?srsltid=AU7gw4Vx0tsp-ivZWozvmeD9z-vS4TeDNtS8Ba--6kkVj-S0ciJFwk-R | J29: =(G29*E29)+F29 -> 53.49 | K29: 4-10 days | L29: approved | M29: Available (fow now). We need to contact them separately for ordering
A30: =IF(B30<>"",COUNTA($B$3:B30),"") -> 28 | B30: ULTRA 25-1600mW 4.9-5.8G 64CH | C30: Video Transmitter | D30: Flight Control and Avionics | G30: 1 | H30: pcs | J30: =(G30*E30)+F30 -> 0 | L30: pending
A31: =IF(B31<>"",COUNTA($B$3:B31),"") -> 29 | B31: Servo to Shaft Coupler 25T, 5mm Bore | C31: Servo to Shaft Coupler | D31: Flight Control and Avionics | E31: 6.99 | G31: 4 | H31: pcs | I31: https://de.aliexpress.com/item/1005012043076003.html?spm=a2g0o.productlist.main.1.734akWubkWubS6&algo_pvid=72a68408-40b7-4073-b1de-9a88b68bfd7d&algo_exp_id=72a68408-40b7-4073-b1de-9a88b68bfd7d-0&pdp_ext_f=%7B%22order%22%3A%2219%22%2C%22spu_best_type%22%3A%22price%22%2C%22eval%22%3A%221%22%2C%22fromPage%22%3A%22search%22%7D&pdp_npi=6%40dis%21EUR%2111.45%216.99%21%21%2186.66%2152.86%21%402161390417843739759033324e100c%2112000057366562845%21sea%21DE%210%21ABX%211%210%21n_tag%3A-29910%3Bd%3A23220bf0%3Bm03_new_user%3A-29895&curPageLogUid=b41WCP6q7Yv6&utparam-url=scene%3Asearch%7Cquery_from%3A%7Cx_object_id%3A1005012043076003%7C_p_origin_prod%3A | J31: =(G31*E31)+F31 -> 27.96 | L31: pending
A32: =IF(B32<>"",COUNTA($B$3:B32),"") -> 30 | B32: D-Shaft 5x60mm | C32: Shaft | D32: Flight Control and Avionics | E32: 7.19 | G32: 2 | H32: pcs | I32: https://de.aliexpress.com/item/1005002809828245.html?spm=a2g0o.productlist.main.3.748eXfSsXfSs7Y&algo_pvid=bd082ef1-520b-41ef-a3e1-2187c186d930&algo_exp_id=bd082ef1-520b-41ef-a3e1-2187c186d930-2&pdp_ext_f=%7B%22order%22%3A%2218%22%2C%22eval%22%3A%221%22%2C%22fromPage%22%3A%22search%22%7D&pdp_npi=6%40dis%21EUR%217.65%217.19%21%21%218.55%218.04%21%400b15834e17843741284825723e0efc%2112000022295201218%21sea%21DE%210%21ABX%211%210%21n_tag%3A-29910%3Bd%3A23220bf0%3Bm03_new_user%3A-29895&curPageLogUid=bsg7dXE6wM3i&utparam-url=scene%3Asearch%7Cquery_from%3A%7Cx_object_id%3A1005002809828245%7C_p_origin_prod%3A | J32: =(G32*E32)+F32 -> 14.38 | L32: rejected | N32: D-Shafts would be manually manufactured using 5mm aluminum rods
A33: =IF(B33<>"",COUNTA($B$3:B33),"") -> 31 | B33: D-Shaft 5x45mm | C33: Shaft | D33: Flight Control and Avionics | E33: 7.19 | G33: 2 | H33: pcs | I33: https://de.aliexpress.com/item/1005002809828245.html?spm=a2g0o.productlist.main.3.748eXfSsXfSs7Y&algo_pvid=bd082ef1-520b-41ef-a3e1-2187c186d930&algo_exp_id=bd082ef1-520b-41ef-a3e1-2187c186d930-2&pdp_ext_f=%7B%22order%22%3A%2218%22%2C%22eval%22%3A%221%22%2C%22fromPage%22%3A%22search%22%7D&pdp_npi=6%40dis%21EUR%217.65%217.19%21%21%218.55%218.04%21%400b15834e17843741284825723e0efc%2112000022295201218%21sea%21DE%210%21ABX%211%210%21n_tag%3A-29910%3Bd%3A23220bf0%3Bm03_new_user%3A-29895&curPageLogUid=bsg7dXE6wM3i&utparam-url=scene%3Asearch%7Cquery_from%3A%7Cx_object_id%3A1005002809828245%7C_p_origin_prod%3A | J33: =(G33*E33)+F33 -> 14.38 | L33: rejected | N33: D-Shafts would be manually manufactured using 5mm aluminum rods
A34: =IF(B34<>"",COUNTA($B$3:B34),"") -> 32 | B34: Flanged Bearings 5x8x2.5mm | C34: Bearing come at 10 pcs | D34: Flight Control and Avionics | E34: 4.89 | G34: 1 | H34: pcs | I34: https://de.aliexpress.com/item/1005008084078658.html?spm=a2g0o.productlist.main.1.141fi6Rii6Rixp&algo_pvid=20a221db-2b99-4b91-8b19-68befc329f31&algo_exp_id=20a221db-2b99-4b91-8b19-68befc329f31-0&pdp_ext_f=%7B%22order%22%3A%22411%22%2C%22eval%22%3A%221%22%2C%22fromPage%22%3A%22search%22%7D&pdp_npi=6%40dis%21EUR%215.03%215.16%21%21%2138.10%2139.05%21%402103081117843750175155863e0d5b%2112000046474978340%21sea%21BG%210%21ABX%211%210%21n_tag%3A-29910%3Bd%3Ab8d743bc%3Bm03_new_user%3A-29895&curPageLogUid=w2a4Ew33IG5l&utparam-url=scene%3Asearch%7Cquery_from%3A%7Cx_object_id%3A1005008084078658%7C_p_origin_prod%3A&gatewayAdapt=glo2deu | J34: =(G34*E34)+F34 -> 4.89 | L34: approved
A35: =IF(B35<>"",COUNTA($B$3:B35),"")
A36: =IF(B36<>"",COUNTA($B$3:B36),"")

Sheet Totals
B1: {=TRANSPOSE(Background_info!C3:C7)} -> pending | C1: approved | D1: ordered | E1: received | F1: rejected
A2: TOTAL | B2: =SUM(B3:B14) -> 763.17 | C2: =SUM(C3:C14) -> 1207.75 | D2: =SUM(D3:D14) -> 0 | E2: =SUM(E3:E14) -> 120.78 | F2: =SUM(F3:F14) -> 421.83 | G2: =SUM(B2:F2) -> 2513.53
A3: {=Background_info!D3:D14} -> Airframe and Structures | B3: =SUMIFS(Main_Table!$J:$J,Main_Table!$D:$D,$A3,Main_Table!$L:$L,B$1) -> 0 | C3: =SUMIFS(Main_Table!$J:$J,Main_Table!$D:$D,$A3,Main_Table!$L:$L,C$1) -> 169.29 | D3: =SUMIFS(Main_Table!$J:$J,Main_Table!$D:$D,$A3,Main_Table!$L:$L,D$1) -> 0 | E3: =SUMIFS(Main_Table!$J:$J,Main_Table!$D:$D,$A3,Main_Table!$L:$L,E$1) -> 51.28 | F3: =SUMIFS(Main_Table!$J:$J,Main_Table!$D:$D,$A3,Main_Table!$L:$L,F$1) -> 0
A4: Propulsion | B4: =SUMIFS(Main_Table!$J:$J,Main_Table!$D:$D,$A4,Main_Table!$L:$L,B$1) -> 0 | C4: =SUMIFS(Main_Table!$J:$J,Main_Table!$D:$D,$A4,Main_Table!$L:$L,C$1) -> 430.19 | D4: =SUMIFS(Main_Table!$J:$J,Main_Table!$D:$D,$A4,Main_Table!$L:$L,D$1) -> 0 | E4: =SUMIFS(Main_Table!$J:$J,Main_Table!$D:$D,$A4,Main_Table!$L:$L,E$1) -> 0 | F4: =SUMIFS(Main_Table!$J:$J,Main_Table!$D:$D,$A4,Main_Table!$L:$L,F$1) -> 0
A5: Power | B5: =SUMIFS(Main_Table!$J:$J,Main_Table!$D:$D,$A5,Main_Table!$L:$L,B$1) -> 0 | C5: =SUMIFS(Main_Table!$J:$J,Main_Table!$D:$D,$A5,Main_Table!$L:$L,C$1) -> 248.94 | D5: =SUMIFS(Main_Table!$J:$J,Main_Table!$D:$D,$A5,Main_Table!$L:$L,D$1) -> 0 | E5: =SUMIFS(Main_Table!$J:$J,Main_Table!$D:$D,$A5,Main_Table!$L:$L,E$1) -> 0 | F5: =SUMIFS(Main_Table!$J:$J,Main_Table!$D:$D,$A5,Main_Table!$L:$L,F$1) -> 393.07
A6: Flight Control and Avionics | B6: =SUMIFS(Main_Table!$J:$J,Main_Table!$D:$D,$A6,Main_Table!$L:$L,B$1) -> 726.05 | C6: =SUMIFS(Main_Table!$J:$J,Main_Table!$D:$D,$A6,Main_Table!$L:$L,C$1) -> 244.85 | D6: =SUMIFS(Main_Table!$J:$J,Main_Table!$D:$D,$A6,Main_Table!$L:$L,D$1) -> 0 | E6: =SUMIFS(Main_Table!$J:$J,Main_Table!$D:$D,$A6,Main_Table!$L:$L,E$1) -> 0 | F6: =SUMIFS(Main_Table!$J:$J,Main_Table!$D:$D,$A6,Main_Table!$L:$L,F$1) -> 28.76
A7: Control Surfaces and Mechanisms | B7: =SUMIFS(Main_Table!$J:$J,Main_Table!$D:$D,$A7,Main_Table!$L:$L,B$1) -> 0 | C7: =SUMIFS(Main_Table!$J:$J,Main_Table!$D:$D,$A7,Main_Table!$L:$L,C$1) -> 0 | D7: =SUMIFS(Main_Table!$J:$J,Main_Table!$D:$D,$A7,Main_Table!$L:$L,D$1) -> 0 | E7: =SUMIFS(Main_Table!$J:$J,Main_Table!$D:$D,$A7,Main_Table!$L:$L,E$1) -> 0 | F7: =SUMIFS(Main_Table!$J:$J,Main_Table!$D:$D,$A7,Main_Table!$L:$L,F$1) -> 0
A8: Payload and Medical Transport System | B8: =SUMIFS(Main_Table!$J:$J,Main_Table!$D:$D,$A8,Main_Table!$L:$L,B$1) -> 0 | C8: =SUMIFS(Main_Table!$J:$J,Main_Table!$D:$D,$A8,Main_Table!$L:$L,C$1) -> 0 | D8: =SUMIFS(Main_Table!$J:$J,Main_Table!$D:$D,$A8,Main_Table!$L:$L,D$1) -> 0 | E8: =SUMIFS(Main_Table!$J:$J,Main_Table!$D:$D,$A8,Main_Table!$L:$L,E$1) -> 0 | F8: =SUMIFS(Main_Table!$J:$J,Main_Table!$D:$D,$A8,Main_Table!$L:$L,F$1) -> 0
A9: Communications and Ground Equipment | B9: =SUMIFS(Main_Table!$J:$J,Main_Table!$D:$D,$A9,Main_Table!$L:$L,B$1) -> 0 | C9: =SUMIFS(Main_Table!$J:$J,Main_Table!$D:$D,$A9,Main_Table!$L:$L,C$1) -> 53.49 | D9: =SUMIFS(Main_Table!$J:$J,Main_Table!$D:$D,$A9,Main_Table!$L:$L,D$1) -> 0 | E9: =SUMIFS(Main_Table!$J:$J,Main_Table!$D:$D,$A9,Main_Table!$L:$L,E$1) -> 0 | F9: =SUMIFS(Main_Table!$J:$J,Main_Table!$D:$D,$A9,Main_Table!$L:$L,F$1) -> 0
A10: Manufacturing and prototyping | B10: =SUMIFS(Main_Table!$J:$J,Main_Table!$D:$D,$A10,Main_Table!$L:$L,B$1) -> 0 | C10: =SUMIFS(Main_Table!$J:$J,Main_Table!$D:$D,$A10,Main_Table!$L:$L,C$1) -> 43.2 | D10: =SUMIFS(Main_Table!$J:$J,Main_Table!$D:$D,$A10,Main_Table!$L:$L,D$1) -> 0 | E10: =SUMIFS(Main_Table!$J:$J,Main_Table!$D:$D,$A10,Main_Table!$L:$L,E$1) -> 69.5 | F10: =SUMIFS(Main_Table!$J:$J,Main_Table!$D:$D,$A10,Main_Table!$L:$L,F$1) -> 0
A11: Fasteners and Consumables | B11: =SUMIFS(Main_Table!$J:$J,Main_Table!$D:$D,$A11,Main_Table!$L:$L,B$1) -> 37.12 | C11: =SUMIFS(Main_Table!$J:$J,Main_Table!$D:$D,$A11,Main_Table!$L:$L,C$1) -> 17.79 | D11: =SUMIFS(Main_Table!$J:$J,Main_Table!$D:$D,$A11,Main_Table!$L:$L,D$1) -> 0 | E11: =SUMIFS(Main_Table!$J:$J,Main_Table!$D:$D,$A11,Main_Table!$L:$L,E$1) -> 0 | F11: =SUMIFS(Main_Table!$J:$J,Main_Table!$D:$D,$A11,Main_Table!$L:$L,F$1) -> 0
A12: Testing and Safety Equipment | B12: =SUMIFS(Main_Table!$J:$J,Main_Table!$D:$D,$A12,Main_Table!$L:$L,B$1) -> 0 | C12: =SUMIFS(Main_Table!$J:$J,Main_Table!$D:$D,$A12,Main_Table!$L:$L,C$1) -> 0 | D12: =SUMIFS(Main_Table!$J:$J,Main_Table!$D:$D,$A12,Main_Table!$L:$L,D$1) -> 0 | E12: =SUMIFS(Main_Table!$J:$J,Main_Table!$D:$D,$A12,Main_Table!$L:$L,E$1) -> 0 | F12: =SUMIFS(Main_Table!$J:$J,Main_Table!$D:$D,$A12,Main_Table!$L:$L,F$1) -> 0
A13: Business | B13: =SUMIFS(Main_Table!$J:$J,Main_Table!$D:$D,$A13,Main_Table!$L:$L,B$1) -> 0 | C13: =SUMIFS(Main_Table!$J:$J,Main_Table!$D:$D,$A13,Main_Table!$L:$L,C$1) -> 0 | D13: =SUMIFS(Main_Table!$J:$J,Main_Table!$D:$D,$A13,Main_Table!$L:$L,D$1) -> 0 | E13: =SUMIFS(Main_Table!$J:$J,Main_Table!$D:$D,$A13,Main_Table!$L:$L,E$1) -> 0 | F13: =SUMIFS(Main_Table!$J:$J,Main_Table!$D:$D,$A13,Main_Table!$L:$L,F$1) -> 0
A14: Other | B14: =SUMIFS(Main_Table!$J:$J,Main_Table!$D:$D,$A14,Main_Table!$L:$L,B$1) -> 0 | C14: =SUMIFS(Main_Table!$J:$J,Main_Table!$D:$D,$A14,Main_Table!$L:$L,C$1) -> 0 | D14: =SUMIFS(Main_Table!$J:$J,Main_Table!$D:$D,$A14,Main_Table!$L:$L,D$1) -> 0 | E14: =SUMIFS(Main_Table!$J:$J,Main_Table!$D:$D,$A14,Main_Table!$L:$L,E$1) -> 0 | F14: =SUMIFS(Main_Table!$J:$J,Main_Table!$D:$D,$A14,Main_Table!$L:$L,F$1) -> 0
